Fecha;Arbitro;Local;Visita;GL;GV;PL;PV;RemL;RemV;RpL;RpV;RfL;RfV;RbL;RbV;CL;CV;OffL;OffV;ArqL;ArqV;FL;FV;RL;RV;AL;AV;TpL;TpV;BkL;BkV;AtaqL;AtaqV;DAtaqL;DAtaqV
28.11.2021 15:00;Ortega K. (Per);Sporting Cristal;Alianza Lima;0;0;72%;28%;20;9;3;2;9;6;8;1;7;0;2;1;2;3;9;10;1;1;1;3;554;227;8;19;170;84;140;43
21.11.2021 15:00;Haro D. (Per);Alianza Lima;Sporting Cristal;1;0;37%;63%;9;13;3;3;4;9;2;1;3;6;1;1;3;2;18;10;0;0;3;3;279;443;15;13;59;91;40;83
07.11.2021 15:00;Ordonez E. (Per);Binacional;Carlos Stein;0;2;48%;52%;10;12;6;9;4;3;-;-;3;4;-;-;8;6;-;-;0;0;3;4;-;-;-;-;100;121;52;66
04.11.2021 15:00;Espinoza M. (Per);Carlos Stein;Binacional;0;1;45%;55%;11;20;2;5;9;15;-;-;2;2;3;0;4;2;9;15;0;0;2;0;-;-;-;-;104;96;58;63
31.10.2021 15:30;Alarcon J. (Per);Melgar;Universitario;1;2;64%;36%;11;5;2;2;5;3;4;0;10;0;1;3;0;1;10;12;0;0;0;0;565;327;16;20;147;101;102;25
30.10.2021 15:00;Huaman D. (Per);Alianza Atl.;Dep. Municipal;0;2;48%;52%;7;4;3;4;4;0;-;-;6;2;-;-;2;3;-;-;0;0;1;5;-;-;-;-;109;105;76;38
30.10.2021 15:00;Haro Sueldo D. M. (Per);Alianza Huánuco;Ayacucho;1;2;53%;47%;9;14;3;4;4;6;2;4;5;3;4;3;2;2;19;16;0;0;3;1;310;273;15;13;82;70;72;55
30.10.2021 15:00;Espinoza M. (Per);Binacional;César Vallejo;0;0;32%;68%;16;4;4;2;8;1;4;1;8;3;3;3;2;4;12;15;0;0;1;2;273;583;18;11;98;105;51;43
30.10.2021 15:00;-;Carlos Mannucci;AD Cantolao;1;0;46%;54%;5;4;2;1;3;3;-;-;9;0;-;-;1;1;-;-;0;0;3;4;-;-;-;-;106;134;77;67
30.10.2021 15:00;Perez R. B. (Per);Cusco;Sport Huancayo;2;1;47%;53%;6;5;5;2;1;3;-;-;3;1;-;-;1;3;-;-;0;0;1;2;-;-;-;-;102;103;58;47
30.10.2021 15:00;Seminario L. (Per);Sporting Cristal;Sport Boys;1;1;65%;35%;6;10;2;4;2;3;2;3;3;2;0;0;3;1;13;9;0;0;1;0;595;310;6;22;110;100;58;50
30.10.2021 15:00;Palomino M. (Per);UTC;San Martín;4;0;-;-;-;-;-;-;-;-;-;-;-;-;-;-;-;-;-;-;0;0;0;0;-;-;-;-;-;-;-;-
29.10.2021 15:00;Barbagelatta G. (Per);Cienciano;Alianza Lima;1;1;38%;62%;17;7;4;2;4;1;9;4;3;9;0;2;1;3;17;8;0;0;1;0;270;433;20;7;90;128;75;81
24.10.2021 15:30;Palomino M. (Per);Alianza Lima;Sporting Cristal;1;3;46%;54%;12;13;1;8;5;2;6;3;4;3;0;1;5;0;12;10;0;0;3;1;361;424;10;10;104;130;56;73
24.10.2021 13:15;Espinoza M. (Per);César Vallejo;Alianza Huánuco;3;1;53%;47%;11;10;4;2;7;8;0;0;4;6;3;5;1;1;18;12;0;0;2;0;-;-;-;-;144;134;76;69
24.10.2021 11:00;Perez R. B. (Per);Dep. Municipal;Melgar;1;3;58%;42%;11;13;2;6;9;5;0;2;2;4;1;4;3;1;12;13;0;0;1;1;471;342;14;27;104;97;67;62
23.10.2021 15:30;-;Universitario;Cusco;2;1;54%;46%;12;11;6;5;4;4;2;2;8;4;0;1;4;4;13;19;0;0;2;2;434;365;19;20;151;121;105;72
23.10.2021 13:15;Ordonez E. (Per);San Martín;Alianza Atl.;3;1;39%;61%;9;10;3;3;6;3;0;4;0;10;2;1;2;0;16;10;0;0;2;2;261;402;13;16;101;155;58;129
23.10.2021 11:00;Alarcon J. (Per);Sport Huancayo;Binacional;2;0;42%;58%;5;13;3;2;2;9;0;2;2;5;0;2;2;1;11;15;0;1;1;2;389;529;20;15;71;96;42;70
22.10.2021 15:30;Legario F. (Per);Sport Boys;Carlos Mannucci;3;3;61%;39%;20;10;5;4;13;3;2;3;9;7;5;1;1;2;8;18;0;0;4;7;367;233;12;11;116;92;96;61
22.10.2021 13:15;Carrillo V. (Per);Ayacucho;Cienciano;1;3;58%;42%;19;9;5;4;12;4;2;1;9;7;1;4;1;4;14;25;0;1;2;5;334;256;14;14;122;112;109;83
22.10.2021 11:00;Ortega K. (Per);AD Cantolao;UTC;2;0;52%;48%;4;13;2;6;2;4;0;3;0;3;4;2;6;0;13;18;0;0;2;1;351;304;15;11;119;136;53;91
18.10.2021 15:30;-;César Vallejo;Sport Huancayo;0;0;53%;47%;10;16;2;7;5;5;3;4;2;5;3;2;7;2;13;17;0;0;4;0;409;347;9;18;126;109;90;67
18.10.2021 13:15;Ordonez E. (Per);Binacional;Universitario;1;2;57%;43%;19;7;5;2;5;3;9;2;6;5;4;2;0;4;17;19;0;0;1;1;391;287;9;10;93;102;86;72
18.10.2021 11:00;Ortega K. (Per);Cusco;Dep. Municipal;3;5;36%;64%;15;12;6;6;7;5;2;1;7;3;1;2;1;3;9;24;0;0;0;5;270;510;24;19;100;98;40;33
17.10.2021 15:30;Legario F. (Per);Sporting Cristal;Ayacucho;1;0;63%;37%;8;16;2;3;3;9;3;4;7;6;3;0;3;1;11;17;0;0;4;3;510;279;21;15;123;111;77;91
17.10.2021 13:15;Menendez A. (Per);Alianza Huánuco;Cienciano;1;1;47%;53%;9;7;3;1;6;4;0;2;9;4;2;1;0;2;12;21;0;0;1;3;342;398;19;19;115;116;85;80
17.10.2021 11:00;Casanova V. (Per);Melgar;San Martín;6;0;58%;42%;20;6;7;3;8;3;5;0;9;1;4;1;3;1;22;7;0;0;2;3;384;282;24;14;97;98;87;51
16.10.2021 15:30;-;Carlos Mannucci;Alianza Lima;0;1;46%;54%;13;11;2;4;8;5;3;2;7;7;0;4;3;2;20;8;1;0;5;2;385;464;14;11;115;106;86;84
16.10.2021 13:15;-;UTC;Sport Boys;1;1;51%;49%;15;3;5;2;7;1;3;0;8;1;0;4;1;4;9;20;0;0;0;1;396;406;5;8;110;93;86;46
16.10.2021 11:00;Palomino M. (Per);Alianza Atl.;AD Cantolao;3;1;46%;54%;12;11;3;3;7;6;2;2;5;3;2;0;2;0;15;16;0;0;1;0;285;348;15;11;112;106;77;75
08.10.2021 15:30;Cartagena J. (Per);Binacional;Sporting Cristal;3;4;46%;54%;14;18;5;8;5;7;4;3;5;8;2;15;4;3;19;8;0;0;1;1;343;396;16;21;103;88;47;56
03.10.2021 15:30;Carrillo V. (Per);Universitario;César Vallejo;3;0;36%;64%;8;18;5;3;1;12;2;3;4;10;5;2;3;2;18;21;0;0;3;5;251;456;28;10;83;102;56;73
03.10.2021 13:00;Perez R. B. (Per);AD Cantolao;Melgar;0;2;40%;60%;3;19;0;5;0;6;3;8;3;7;2;6;3;0;13;18;1;0;2;0;301;424;18;18;69;98;33;80
03.10.2021 10:30;Huaman D. (Per);San Martín;Cusco;1;1;30%;70%;10;18;5;2;3;6;2;10;0;14;1;6;1;4;16;10;0;0;2;1;234;518;17;7;86;124;32;114
02.10.2021 15:30;Palomino M. (Per);Alianza Lima;UTC;2;0;52%;48%;6;17;3;3;2;9;1;5;6;3;3;0;3;1;12;12;0;0;0;2;417;377;10;14;96;85;51;61
02.10.2021 13:00;Menendez A. (Per);Dep. Municipal;Binacional;1;2;60%;40%;7;21;2;8;3;7;2;6;6;3;3;4;6;1;14;19;0;0;2;3;473;309;6;12;80;81;48;67
02.10.2021 10:30;Legario F. (Per);Sport Huancayo;Alianza Huánuco;4;3;52%;48%;9;4;5;3;4;1;-;-;1;4;-;-;0;1;17;13;0;0;1;2;-;-;-;-;117;108;73;54
01.10.2021 15:30;Espinoza J. (Per);Cienciano;Sporting Cristal;2;1;36%;64%;16;13;3;3;7;6;6;4;4;17;2;1;2;1;11;15;0;0;2;1;322;533;18;17;88;138;48;98
01.10.2021 13:00;Seminario L. (Per);Sport Boys;Alianza Atl.;3;1;52%;48%;16;17;7;5;6;9;3;3;4;8;5;0;4;4;16;16;0;0;0;1;358;322;13;13;99;120;68;99
01.10.2021 10:30;Lopez P. (Per);Ayacucho;Carlos Mannucci;3;2;53%;47%;22;12;13;4;3;4;6;4;4;4;1;3;2;10;13;15;0;0;1;2;398;356;20;24;118;116;58;52
27.09.2021 15:30;Villegas H. (Per);Binacional;San Martín;1;0;43%;57%;13;9;4;1;6;5;3;3;5;3;0;3;1;3;25;4;1;0;2;1;363;487;19;16;97;128;46;66
27.09.2021 11:00;Lopez Ramos P. (Esp);Cusco;AD Cantolao;3;2;59%;41%;20;9;10;5;6;3;4;1;8;3;4;1;3;7;17;24;0;1;4;4;375;273;15;14;106;72;81;32
26.09.2021 18:00;-;Alianza Huánuco;Sporting Cristal;1;2;39%;61%;7;6;2;5;3;1;2;0;2;4;1;1;3;1;20;21;0;1;5;4;292;490;12;9;97;109;68;65
26.09.2021 15:30;Garay L. (Per);Sport Huancayo;Universitario;1;3;61%;39%;10;11;6;5;3;5;1;1;7;2;0;3;2;5;17;19;0;0;2;2;458;295;14;18;119;93;82;67
26.09.2021 13:15;Huaman D. (Per);Melgar;Sport Boys;1;0;47%;53%;11;10;5;1;2;5;4;4;6;1;3;6;1;4;27;12;0;0;0;2;370;423;18;8;121;142;85;71
26.09.2021 11:00;Legario F. (Per);César Vallejo;Dep. Municipal;2;0;39%;61%;10;16;2;3;5;4;3;9;1;4;3;3;3;0;28;15;0;0;4;3;299;468;21;11;99;126;60;84
25.09.2021 15:30;Menendez A. (Per);Alianza Atl.;Alianza Lima;1;3;47%;53%;14;16;1;4;7;5;6;7;9;5;1;3;1;0;15;18;0;0;0;1;335;385;11;22;89;72;83;56
25.09.2021 13:15;Perez R. B. (Per);Carlos Mannucci;Cienciano;1;3;44%;56%;7;14;2;6;3;6;2;2;3;16;2;2;3;1;15;14;0;1;2;2;350;436;24;15;81;89;47;92
25.09.2021 11:00;Ordonez E. (Per);UTC;Ayacucho;0;2;45%;55%;19;13;5;6;12;4;2;3;9;4;1;4;4;5;9;25;1;1;0;1;299;382;16;24;75;95;81;80
23.09.2021 18:00;Garay Evia L. (Per);San Martín;César Vallejo;0;1;47%;53%;6;10;1;2;2;6;3;2;3;2;2;5;1;1;17;20;0;0;1;3;372;425;14;17;124;135;81;79
23.09.2021 15:30;Perez R. B. (Per);Alianza Huánuco;Universitario;0;4;44%;56%;4;21;0;11;4;7;0;3;5;3;1;1;7;0;19;17;1;0;4;0;342;445;20;21;97;123;42;90
23.09.2021 13:15;Menendez A. (Per);AD Cantolao;Binacional;1;2;50%;50%;10;24;3;9;4;9;3;6;4;4;2;8;7;2;17;21;0;0;3;3;384;377;17;12;100;113;51;65
23.09.2021 11:00;Cartagena J. (Per);Dep. Municipal;Sport Huancayo;2;2;64%;36%;6;11;4;7;2;0;0;4;2;9;1;1;5;2;19;16;0;0;1;2;551;293;6;16;107;103;64;74
22.09.2021 15:30;Espinoza M. (Per);Sporting Cristal;Carlos Mannucci;1;3;69%;31%;22;7;6;4;11;3;5;0;8;1;3;1;1;5;9;15;0;0;1;4;535;254;17;21;150;98;140;40
22.09.2021 13:15;Legario F. (Per);Alianza Lima;Melgar;1;0;37%;63%;2;16;1;5;1;9;0;2;0;7;1;1;5;0;14;11;1;0;4;1;334;535;18;14;87;129;22;74
22.09.2021 11:00;Villegas H. (Per);Sport Boys;Cusco;3;2;48%;52%;14;15;6;7;8;4;0;4;5;8;0;0;5;3;16;15;0;0;3;0;329;350;12;13;96;102;64;97
21.09.2021 15:30;Villanueva A. (Per);Ayacucho;Alianza Atl.;0;1;63%;37%;23;15;6;5;11;8;6;2;11;5;1;2;4;6;20;12;0;0;4;2;331;211;8;16;101;71;89;52
21.09.2021 11:00;Quiroz J. (Per);Cienciano;UTC;2;2;57%;43%;14;15;4;5;5;6;5;4;7;13;0;0;3;2;10;13;0;0;2;4;271;199;9;9;103;97;83;85
19.09.2021 15:30;Espinoza M. (Per);Universitario;Dep. Municipal;0;2;52%;48%;14;12;6;6;8;4;0;2;5;5;4;1;4;6;12;16;0;0;3;5;375;366;16;16;136;115;109;62
19.09.2021 11:00;Espinoza J. (Per);Sport Huancayo;San Martín;3;1;56%;44%;10;7;6;2;2;2;2;3;5;6;2;1;1;3;16;22;0;0;3;2;422;324;16;11;116;123;66;85
18.09.2021 15:30;Ordonez E. (Per);Binacional;Sport Boys;1;2;49%;51%;18;10;7;5;8;2;3;3;8;6;4;10;3;6;14;10;0;0;2;0;344;352;9;15;111;118;88;81
18.09.2021 13:15;Quiroz J. (Per);César Vallejo;AD Cantolao;0;0;54%;46%;4;7;1;4;3;2;0;1;1;2;2;2;4;1;25;19;1;0;6;3;386;332;12;8;106;128;61;61
18.09.2021 11:00;Haro Sueldo D. M. (Per);Carlos Mannucci;Alianza Huánuco;1;1;38%;62%;7;11;2;6;3;3;2;2;5;9;0;4;5;1;17;17;1;0;5;2;283;442;17;13;94;126;55;104
17.09.2021 18:00;Menendez A. (Per);Melgar;Ayacucho;1;1;67%;33%;14;11;4;5;7;5;3;1;12;4;2;0;4;3;13;13;0;1;2;4;435;214;15;13;123;99;116;62
17.09.2021 15:30;Perez R. B. (Per);Cusco;Alianza Lima;0;2;44%;56%;6;11;2;6;2;1;2;4;6;12;0;1;4;2;7;13;0;0;2;0;349;447;26;24;102;115;85;92
17.09.2021 13:15;Cartagena J. (Per);UTC;Sporting Cristal;1;6;31%;69%;8;16;4;8;1;4;3;4;2;7;1;1;2;3;18;13;0;0;1;0;269;595;10;11;91;140;60;91
17.09.2021 11:00;Mendoza J. (Per);Alianza Atl.;Cienciano;2;2;29%;71%;8;18;4;4;1;10;3;4;2;5;1;1;2;2;16;15;1;0;5;3;214;507;13;16;76;98;37;61
13.09.2021 15:30;Haro D. (Per);San Martín;Universitario;0;2;46%;54%;8;14;3;7;3;4;2;3;4;6;0;1;5;3;20;13;0;0;2;3;328;372;16;15;112;121;65;98
13.09.2021 13:15;-;Sport Boys;César Vallejo;2;2;37%;63%;11;9;3;5;5;0;3;4;3;4;6;0;3;1;21;19;0;0;1;3;267;470;14;11;101;123;60;68
12.09.2021 18:00;Ordonez E. (Per);Cienciano;Melgar;0;1;45%;55%;6;12;1;5;1;5;4;2;5;4;1;1;4;1;15;17;0;0;3;3;360;430;6;17;136;138;90;87
12.09.2021 15:30;Garay L. (Per);Sporting Cristal;Alianza Atl.;5;2;63%;37%;12;11;7;2;3;6;2;3;4;5;1;0;0;2;20;18;0;0;2;2;370;213;8;13;104;88;78;63
12.09.2021 13:15;Menendez A. (Per);Alianza Lima;Binacional;3;2;63%;37%;20;19;8;3;7;11;5;5;5;3;5;2;1;5;13;23;0;0;2;4;409;247;20;8;147;116;116;72
12.09.2021 11:00;Seminario L. (Per);Carlos Mannucci;UTC;1;3;57%;43%;7;13;4;8;1;4;2;1;4;5;0;4;5;3;21;15;0;0;3;1;371;284;14;12;124;120;79;89
11.09.2021 15:30;Villanueva A. (Per);Alianza Huánuco;Dep. Municipal;0;3;45%;55%;13;11;2;8;8;2;3;1;4;2;2;0;5;2;12;11;0;0;3;2;423;529;20;18;129;118;79;61
11.09.2021 13:15;Palomino M. (Per);Ayacucho;Cusco;1;3;51%;49%;20;11;3;6;14;3;3;2;8;7;0;4;3;2;21;10;1;0;4;4;328;324;10;14;131;110;95;75
11.09.2021 11:00;-;AD Cantolao;Sport Huancayo;0;0;47%;53%;11;10;5;1;4;6;2;3;7;2;4;3;1;5;13;13;0;0;2;2;363;407;13;17;102;106;68;78
03.09.2021 15:30;Ortega K. (Per);Sporting Cristal;San Martín;1;1;59%;41%;10;10;2;2;4;5;4;3;5;4;5;1;1;1;10;15;0;1;2;2;488;343;10;14;143;107;103;59
03.09.2021 11:30;Ordonez E. (Per);Dep. Municipal;Sport Boys;0;1;64%;36%;18;12;2;4;8;5;8;3;8;4;0;4;3;2;13;19;0;0;2;3;570;311;16;18;122;99;94;65
29.08.2021 15:30;Ortega K. (Per);César Vallejo;Alianza Lima;0;1;65%;35%;7;8;2;3;4;3;1;2;2;3;0;5;2;2;15;17;0;0;3;4;538;275;20;25;116;80;43;43
29.08.2021 13:15;Seminario L. (Per);Dep. Municipal;San Martín;2;0;69%;31%;14;7;4;0;8;5;2;2;6;3;5;5;0;2;14;16;0;1;1;5;656;287;13;16;135;103;70;52
29.08.2021 11:00;Perez R. B. (Per);Sport Huancayo;Sport Boys;1;1;51%;49%;13;9;3;3;7;6;3;0;5;2;1;8;2;2;16;15;0;0;0;1;443;429;16;23;94;97;75;44
28.08.2021 15:30;Legario F. (Per);Universitario;AD Cantolao;2;2;62%;38%;21;8;7;3;7;4;7;1;10;2;4;3;1;5;16;19;0;0;1;3;465;294;22;16;126;104;117;77
28.08.2021 13:15;-;UTC;Alianza Huánuco;1;0;41%;59%;8;3;2;1;6;2;-;-;2;5;-;-;1;1;-;-;0;1;3;3;-;-;-;-;93;120;53;58
28.08.2021 11:00;Villanueva A. (Per);Alianza Atl.;Carlos Mannucci;2;0;53%;47%;17;8;5;3;5;2;7;3;3;6;1;0;3;3;13;17;1;1;4;2;415;349;12;16;116;100;83;73
27.08.2021 15:30;Espinoza M. (Per);Cusco;Cienciano;2;2;44%;56%;14;16;5;7;9;7;0;2;3;5;0;2;5;3;18;17;1;1;6;3;323;386;18;19;110;117;68;87
27.08.2021 13:15;Haro Sueldo D. M. (Per);Melgar;Sporting Cristal;0;1;43%;57%;7;17;1;5;5;9;1;3;6;2;2;3;4;1;17;20;0;0;2;1;317;437;19;23;130;129;92;87
27.08.2021 11:00;Alarcon J. (Per);Binacional;Ayacucho;3;1;42%;58%;23;22;7;9;11;9;5;4;5;6;2;8;8;4;25;15;0;0;4;1;354;473;12;10;102;125;57;90
23.08.2021 18:00;-;AD Cantolao;Dep. Municipal;2;1;50%;50%;7;6;4;2;1;3;2;1;4;5;2;2;1;2;22;19;0;0;3;2;319;313;15;22;105;112;63;76
23.08.2021 15:30;Alarcon J. (Per);Alianza Lima;Sport Huancayo;1;1;42%;58%;11;11;6;2;4;3;1;6;3;3;1;0;1;5;17;15;0;0;0;0;347;478;11;14;94;113;54;70
23.08.2021 13:15;Haro Sueldo D. M. (Per);UTC;Alianza Atl.;3;1;49%;51%;18;11;6;5;5;4;7;2;7;2;3;3;4;3;13;10;0;0;2;2;321;347;15;21;106;94;83;52
23.08.2021 11:00;Lopez Ramos P. (Esp);Alianza Huánuco;San Martín;1;1;49%;51%;14;9;3;4;8;3;3;2;8;6;1;2;3;2;16;18;0;0;2;2;-;-;-;-;92;116;62;79
22.08.2021 18:00;Villanueva A. (Per);Sporting Cristal;Cusco;4;1;62%;38%;17;7;10;1;5;4;2;2;9;3;2;0;0;6;12;9;0;0;1;1;578;346;16;14;148;123;100;65
22.08.2021 15:30;Espinoza M. (Per);Sport Boys;Universitario;0;0;55%;45%;10;9;5;2;5;6;0;1;8;5;4;2;2;5;14;16;1;1;0;2;387;319;12;14;86;92;65;65
22.08.2021 13:15;Ordonez E. (Per);Ayacucho;César Vallejo;2;1;34%;66%;10;17;4;8;4;4;2;5;6;4;4;3;7;2;23;14;0;0;2;2;246;484;12;10;107;139;74;102
22.08.2021 11:00;Ortega K. (Per);Cienciano;Binacional;2;0;42%;58%;10;14;6;6;4;5;0;3;6;10;4;3;6;4;15;17;0;1;2;4;295;418;11;11;82;107;62;74
21.08.2021 15:30;-;Carlos Mannucci;Melgar;1;2;43%;57%;13;15;6;6;6;4;1;5;5;5;1;3;4;5;10;15;0;0;1;2;324;450;12;13;103;141;62;118
19.08.2021 15:30;Garay L. (Per);San Martín;AD Cantolao;0;2;53%;47%;14;12;4;4;7;6;3;2;3;3;2;0;2;4;21;13;1;0;2;1;380;356;17;15;124;98;83;66
19.08.2021 11:00;Espinoza M. (Per);Alianza Atl.;Alianza Huánuco;1;2;51%;49%;11;12;7;7;2;3;2;2;5;3;2;1;5;6;15;12;0;0;2;3;-;-;-;-;110;119;74;62
18.08.2021 19:30;Menendez A. (Per);Universitario;Alianza Lima;1;2;62%;38%;15;19;3;5;10;11;2;3;1;4;0;2;3;2;15;20;0;1;1;2;488;298;9;18;129;112;81;66
18.08.2021 13:00;Huaman D. (Per);Sport Huancayo;Ayacucho;1;1;55%;45%;12;15;3;5;9;7;0;3;4;3;1;3;4;2;20;29;1;0;6;3;428;340;18;9;92;116;53;71
17.08.2021 15:30;Seminario L. (Per);Melgar;UTC;0;1;62%;38%;14;15;4;4;6;5;4;6;6;10;2;2;3;4;9;19;1;1;1;4;385;235;13;19;155;105;114;83
17.08.2021 13:15;Villegas H. (Per);César Vallejo;Cienciano;0;1;53%;47%;11;10;4;5;6;4;1;1;3;3;1;2;4;4;17;14;0;0;0;1;432;382;20;18;114;111;81;73
17.08.2021 11:00;Alarcon J. (Per);Cusco;Carlos Mannucci;2;3;60%;40%;14;10;4;4;5;6;5;0;8;5;1;1;1;2;15;10;0;0;0;1;366;248;17;17;127;89;114;61
15.08.2021 15:30;-;Sport Boys;San Martín;2;0;51%;49%;11;7;3;1;4;4;4;2;13;3;3;4;1;1;15;15;0;0;0;2;424;396;12;18;101;121;70;74
15.08.2021 11:00;-;Alianza Huánuco;AD Cantolao;0;3;52%;48%;3;12;0;5;3;4;0;3;4;4;4;1;2;0;12;11;0;0;4;3;309;293;20;15;111;112;59;44
14.08.2021 18:00;Ordonez E. (Per);Cienciano;Sport Huancayo;0;0;52%;48%;10;9;3;1;5;5;2;3;7;5;2;3;1;3;20;16;0;0;0;3;390;368;7;14;104;98;56;46
14.08.2021 15:30;Perez R. B. (Per);Alianza Lima;Dep. Municipal;1;0;51%;49%;12;10;5;2;5;5;2;3;5;8;2;1;2;4;13;13;0;0;4;4;399;371;16;11;116;140;71;92
14.08.2021 13:15;Garay Evia L. (Per);Ayacucho;Universitario;1;1;51%;49%;17;11;4;2;8;6;5;3;3;7;1;3;1;3;24;19;0;0;2;1;377;374;17;13;140;127;101;90
14.08.2021 11:00;Espinoza M. (Per);Sporting Cristal;César Vallejo;0;1;62%;38%;21;6;5;3;10;3;6;0;19;0;5;3;2;5;12;25;1;0;4;5;401;264;21;23;142;86;142;40
13.08.2021 15:30;Menendez A. (Per);Carlos Mannucci;Binacional;3;1;33%;67%;12;21;5;7;5;9;2;5;5;7;1;2;6;2;15;9;0;0;3;4;233;476;19;15;90;139;59;107
13.08.2021 13:15;-;Alianza Atl.;Melgar;3;3;44%;56%;7;10;4;5;2;3;1;2;5;1;2;1;2;1;13;18;0;1;2;2;280;372;14;13;114;104;73;75
13.08.2021 11:00;Legario F. (Per);UTC;Cusco;2;1;37%;63%;18;18;7;7;8;9;3;2;2;3;4;2;6;5;20;9;0;0;3;1;256;423;16;12;109;121;89;84
09.08.2021 15:30;Garay L. (Per);Melgar;Alianza Huánuco;3;0;48%;52%;20;4;6;0;12;1;2;3;4;2;1;0;0;3;16;20;0;0;3;2;409;451;20;17;87;87;59;42
09.08.2021 13:15;Alarcon J. (Per);Universitario;Cienciano;3;1;53%;47%;16;16;8;6;4;5;4;5;5;1;4;3;5;5;17;18;0;0;5;1;351;319;11;22;93;88;68;65
08.08.2021 15:30;Quiroz J. (Per);San Martín;Alianza Lima;0;2;56%;44%;6;11;2;4;4;5;0;2;10;7;1;3;2;2;18;13;0;0;3;1;403;310;25;13;103;97;67;56
08.08.2021 13:15;Lopez P. (Per);AD Cantolao;Sport Boys;0;2;51%;49%;15;11;1;3;9;5;5;3;5;5;2;7;1;1;11;21;0;0;1;4;363;359;18;20;98;78;70;68
08.08.2021 11:00;Menendez A. (Per);Cusco;Alianza Atl.;3;0;50%;50%;9;12;4;3;2;5;3;4;2;8;0;1;3;1;17;15;0;0;3;1;423;431;7;6;92;80;37;70
07.08.2021 15:30;Perez R. B. (Per);César Vallejo;Carlos Mannucci;0;1;61%;39%;13;4;2;2;6;1;5;1;8;3;0;3;1;2;14;10;1;1;3;5;589;376;20;22;123;92;70;43
07.08.2021 13:15;-;Binacional;UTC;1;0;45%;55%;9;11;2;2;5;5;2;4;5;5;5;2;2;1;18;15;0;0;2;2;315;362;23;12;82;127;40;68
06.08.2021 15:30;Legario F. (Per);Sport Huancayo;Sporting Cristal;1;2;48%;52%;17;10;4;4;8;4;5;2;1;4;0;3;2;3;18;14;0;0;2;3;447;501;13;16;97;111;38;50
06.08.2021 11:00;Espinoza M. (Per);Dep. Municipal;Ayacucho;0;1;54%;46%;12;20;2;7;6;8;4;5;5;7;2;2;6;2;17;15;0;0;3;1;329;278;11;10;83;97;35;43
04.08.2021 19:30;-;Alianza Lima;AD Cantolao;2;1;46%;54%;16;14;7;6;8;2;1;6;6;4;5;0;5;5;28;18;0;0;2;3;344;415;18;16;89;104;34;23
04.08.2021 17:00;Quiroz J. (Per);Alianza Huánuco;Sport Boys;2;0;43%;57%;9;29;5;7;3;12;1;10;2;13;0;5;7;3;18;15;0;0;1;2;371;459;21;9;81;119;28;77
04.08.2021 14:30;Ordonez E. (Per);Melgar;Cusco;2;2;59%;41%;17;10;5;4;8;4;4;2;5;4;3;1;2;3;17;26;0;0;4;2;449;315;11;23;124;86;61;33
04.08.2021 12:00;Alarcon J. (Per);Alianza Atl.;Binacional;0;3;52%;48%;7;18;1;7;3;6;3;5;4;5;1;5;4;1;13;24;0;0;2;1;404;371;16;12;97;94;34;50
03.08.2021 19:30;Perez R. B. (Per);Sporting Cristal;Universitario;2;2;46%;54%;11;9;4;3;5;5;2;1;1;1;1;1;1;2;17;18;0;0;1;3;390;455;21;18;71;89;28;34
03.08.2021 15:30;Cartagena J. (Per);Carlos Mannucci;Sport Huancayo;1;1;43%;57%;6;12;4;3;1;4;1;5;6;5;1;5;2;3;19;18;1;0;3;5;363;464;10;6;76;106;33;48
03.08.2021 13:00;Espinoza M. (Per);UTC;César Vallejo;0;0;37%;63%;14;6;1;2;7;4;6;0;5;5;2;1;2;1;19;19;0;0;1;1;297;513;19;8;92;103;39;31
02.08.2021 19:30;Palomino M. (Per);Cienciano;Dep. Municipal;2;3;64%;36%;16;11;6;6;7;4;3;1;9;3;6;0;3;4;13;17;0;1;2;2;495;290;15;15;111;76;55;24
02.08.2021 17:00;Legario F. (Per);Ayacucho;San Martín;1;0;44%;56%;19;9;8;3;9;6;2;0;8;5;1;1;3;7;16;15;0;0;1;3;355;468;24;13;90;106;39;34
01.08.2021 15:30;Alarcon J. (Per);Sport Boys;Alianza Lima;0;0;48%;52%;7;12;2;2;3;6;2;4;4;5;0;0;2;2;16;15;0;0;4;2;400;423;9;16;90;88;35;41
01.08.2021 13:15;Castaneda R. (Per);Binacional;Melgar;1;5;57%;43%;8;10;4;7;3;2;1;1;3;5;1;3;2;3;12;13;0;0;5;3;389;289;10;21;100;95;71;58
01.08.2021 11:00;Villegas H. (Per);Cusco;Alianza Huánuco;2;3;51%;49%;6;5;3;5;3;0;-;-;6;4;-;-;2;1;-;-;0;0;2;3;-;-;-;-;79;67;49;39
31.07.2021 15:30;Ordonez E. (Per);Sport Huancayo;UTC;0;0;55%;45%;7;6;2;2;3;2;2;2;5;2;1;2;2;2;11;23;0;0;2;3;454;377;13;15;103;102;66;64
31.07.2021 13:15;Menendez A. (Per);Universitario;Carlos Mannucci;1;3;68%;32%;17;7;8;6;6;1;3;0;11;1;0;2;3;7;13;16;0;0;5;4;534;263;17;17;120;56;71;17
31.07.2021 11:00;Quiroz J. (Per);César Vallejo;Alianza Atl.;2;0;62%;38%;12;7;3;3;5;1;4;3;3;4;2;2;3;1;17;21;0;0;1;3;510;311;11;17;95;99;62;71
30.07.2021 15:30;Cartagena J. (Per);Dep. Municipal;Sporting Cristal;1;1;40%;60%;11;9;5;3;5;5;1;1;3;5;0;1;2;4;21;15;0;0;2;2;271;406;19;9;67;80;51;62
30.07.2021 13:15;Garay L. (Per);San Martín;Cienciano;1;1;39%;61%;7;22;2;5;3;9;2;8;4;13;0;0;4;1;10;23;0;0;1;3;303;440;10;15;67;90;53;82
30.07.2021 11:00;Palomino M. (Per);AD Cantolao;Ayacucho;2;2;38%;62%;10;23;7;7;2;12;1;4;3;6;4;5;5;5;20;18;0;1;3;3;275;415;10;15;56;92;33;86
25.07.2021 15:30;Cartagena J. (Per);UTC;Universitario;0;1;47%;53%;14;4;1;3;7;1;6;0;9;3;1;0;2;1;22;11;0;0;3;1;358;425;14;18;77;86;43;35
25.07.2021 13:15;Perez R. B. (Per);Melgar;César Vallejo;1;1;47%;53%;11;13;5;3;6;7;0;3;5;0;1;2;2;4;21;12;0;0;0;1;319;371;22;8;92;105;70;63
25.07.2021 11:00;-;Cusco;Binacional;2;2;55%;45%;12;27;4;11;4;12;4;4;7;6;2;3;9;2;14;16;0;0;2;5;361;304;24;19;76;87;50;54
24.07.2021 15:30;Menendez A. (Per);Alianza Huánuco;Alianza Lima;0;0;38%;62%;10;14;3;6;4;5;3;3;4;8;0;0;6;3;12;10;0;0;4;1;363;581;16;10;80;105;27;40
24.07.2021 13:15;Espinoza J. (Per);Ayacucho;Sport Boys;1;2;53%;47%;8;16;3;3;5;8;0;5;5;8;2;2;1;2;17;16;0;0;3;6;342;309;11;3;80;73;27;34
24.07.2021 11:00;Palomino M. (Per);Alianza Atl.;Sport Huancayo;1;0;37%;63%;13;14;6;2;4;8;3;4;8;9;3;2;2;5;8;20;0;0;1;1;257;426;11;22;68;81;33;56
23.07.2021 15:30;Espinoza M. (Per);Carlos Mannucci;Dep. Municipal;1;2;51%;49%;13;11;5;6;5;3;3;2;2;3;0;0;4;4;17;18;0;0;2;6;387;369;18;13;90;90;28;26
23.07.2021 13:15;Alarcon J. (Per);Cienciano;AD Cantolao;0;0;51%;49%;16;7;3;0;9;5;4;2;5;3;1;0;0;3;15;15;0;0;1;2;444;434;17;17;81;79;43;29
19.07.2021 15:30;Garay Evia L. (Per);Universitario;Alianza Atl.;2;2;67%;33%;10;8;5;4;5;3;0;1;11;0;0;1;2;3;18;19;0;0;2;3;438;222;14;10;83;54;53;16
19.07.2021 13:15;Alarcon J. (Per);César Vallejo;Cusco;1;0;62%;38%;10;8;7;3;1;3;2;2;2;7;2;0;3;6;16;18;0;0;3;1;426;247;16;20;120;105;78;82
19.07.2021 11:00;Ordonez E. (Per);Binacional;Alianza Huánuco;1;1;49%;51%;10;7;2;3;8;4;-;-;12;8;1;4;2;1;20;14;0;0;2;2;-;-;-;-;93;87;66;50
18.07.2021 15:30;Legario F. (Per);Alianza Lima;Ayacucho;4;1;44%;56%;18;16;7;3;8;8;3;5;5;10;1;4;2;3;22;20;0;0;4;2;321;402;30;17;118;112;93;105
18.07.2021 13:15;Espinoza M. (Per);Sport Boys;Cienciano;1;4;58%;42%;9;20;3;8;3;5;3;7;4;6;1;1;4;2;11;13;0;0;2;4;511;369;11;24;135;105;93;74
18.07.2021 11:00;-;Sport Huancayo;Melgar;0;3;59%;41%;12;14;5;4;5;6;2;4;7;3;2;2;1;5;15;29;1;0;5;3;448;312;12;22;128;97;106;70
17.07.2021 15:30;-;AD Cantolao;Sporting Cristal;2;4;41%;59%;10;9;7;6;3;2;0;1;4;3;1;4;2;5;23;14;0;0;4;3;289;431;12;11;87;102;59;54
17.07.2021 13:15;-;San Martín;Carlos Mannucci;0;2;55%;45%;9;17;5;7;2;4;2;6;2;13;4;4;5;5;13;15;1;0;3;1;436;343;14;10;141;108;76;106
17.07.2021 11:00;Perez R. B. (Per);Dep. Municipal;UTC;1;1;48%;52%;8;5;2;4;5;0;1;1;8;2;1;1;3;1;16;22;1;0;3;3;329;351;10;14;110;123;57;77
30.05.2021 14:00;Ortega K. (Per);Sporting Cristal;San Martín;2;0;67%;33%;21;13;8;7;10;1;3;5;11;3;3;2;7;6;16;12;0;2;4;4;643;315;35;11;100;92;71;48
23.05.2021 15:30;Cartagena J. (Per);AD Cantolao;Ayacucho;2;2;48%;52%;7;13;4;7;3;6;-;-;3;5;-;-;5;2;-;-;0;1;3;2;-;-;-;-;93;114;36;71
23.05.2021 15:30;Haro D. (Per);Melgar;Cienciano;3;0;43%;57%;9;17;5;5;2;8;2;4;2;9;1;1;5;2;13;11;0;0;2;4;344;437;17;12;87;95;55;89
23.05.2021 15:30;Ordonez E. (Per);San Martín;Dep. Municipal;1;0;-;-;-;-;-;-;-;-;-;-;-;-;-;-;-;-;-;-;0;0;0;0;-;-;-;-;-;-;-;-
23.05.2021 15:30;Legario F. (Per);Universitario;Carlos Mannucci;0;0;65%;35%;9;9;1;1;6;7;2;1;3;5;2;4;1;1;12;15;1;0;2;5;464;239;13;15;124;97;88;81
23.05.2021 11:00;Mendoza J. (Per);Sport Huancayo;Sport Boys;0;1;53%;47%;11;18;1;7;7;6;3;5;5;6;0;2;6;1;27;16;1;0;8;4;449;394;10;10;104;98;74;74
22.05.2021 15:30;Quiroz J. (Per);César Vallejo;Sporting Cristal;3;0;46%;54%;11;9;4;0;7;5;0;4;3;5;0;3;0;1;24;15;0;0;5;2;366;421;17;21;82;94;50;70
22.05.2021 13:15;Huaman D. (Per);UTC;Alianza Atl.;0;2;57%;43%;21;16;7;8;8;8;6;0;7;6;0;1;6;7;13;22;1;0;5;4;380;301;18;18;109;90;131;87
21.05.2021 15:30;Palomino M. (Per);Alianza Lima;Alianza Huánuco;2;0;59%;41%;18;5;8;1;8;0;2;4;9;1;6;0;1;6;15;18;0;1;4;3;492;357;19;16;131;98;100;46
21.05.2021 13:15;Ortega K. (Per);Cusco;Binacional;3;1;44%;56%;13;21;6;9;5;10;2;2;2;3;1;3;8;3;10;21;0;0;0;6;351;439;20;16;89;122;46;85
17.05.2021 15:30;Lopez P. (Per);Alianza Atl.;AD Cantolao;0;1;62%;38%;12;10;4;5;5;4;3;1;11;4;4;0;4;4;19;12;0;0;4;2;520;332;10;14;85;97;98;58
17.05.2021 13:15;Legario F. (Per);Sport Boys;Alianza Lima;0;2;43%;57%;8;15;3;5;3;5;2;5;4;8;0;1;3;3;11;21;0;0;2;0;374;490;18;18;97;98;64;73
17.05.2021 11:00;Espinoza J. (Per);Alianza Huánuco;UTC;1;2;60%;40%;6;17;1;6;1;9;4;2;3;8;2;2;4;0;16;34;1;1;2;4;422;271;19;18;98;88;44;85
16.05.2021 15:30;Palomino M. (Per);Sporting Cristal;Sport Huancayo;2;0;50%;50%;20;9;7;3;8;4;5;2;8;3;3;2;3;5;12;15;1;1;4;4;398;397;13;19;94;103;79;64
16.05.2021 11:00;Quiroz J. (Per);Carlos Mannucci;Melgar;2;1;36%;64%;10;13;4;5;2;5;4;3;6;7;1;2;4;2;21;18;0;1;3;4;238;447;16;14;80;98;56;82
15.05.2021 18:00;Alarcon J. (Per);Cienciano;San Martín;0;1;61%;39%;20;9;8;2;9;4;3;3;16;3;2;0;1;8;7;12;0;0;1;0;493;317;15;13;98;71;90;46
15.05.2021 15:30;Perez R. B. (Per);Ayacucho;Universitario;3;3;54%;46%;25;10;6;6;12;4;7;0;9;1;2;2;3;3;20;16;0;3;4;4;334;304;11;16;86;80;84;42
15.05.2021 13:15;Espinoza M. (Per);Dep. Municipal;Cusco;1;1;48%;52%;6;7;2;2;1;3;3;2;4;2;3;3;1;1;10;20;1;0;4;2;357;395;9;11;85;101;66;62
15.05.2021 11:00;Mendoza J. (Per);Binacional;César Vallejo;1;2;44%;56%;15;12;5;7;6;4;4;1;4;5;3;0;5;4;21;15;0;0;2;2;304;400;16;11;97;93;75;55
12.05.2021 15:30;Cartagena J. (Per);Alianza Atl.;Alianza Lima;0;0;28%;72%;15;16;2;6;11;8;2;2;1;7;0;1;6;2;11;14;0;0;4;3;249;627;7;14;78;126;35;91
10.05.2021 15:30;Alarcon J. (Per);Universitario;UTC;1;0;46%;54%;8;19;5;3;2;12;1;4;2;7;5;1;3;4;15;22;0;0;2;4;297;341;15;10;98;118;41;79
10.05.2021 13:00;Quiroz J. (Per);Dep. Municipal;Alianza Huánuco;1;0;45%;55%;14;10;6;3;6;6;2;1;6;3;5;2;3;5;17;12;0;0;3;3;343;417;30;12;84;80;67;62
09.05.2021 15:30;Legario F. (Per);Sport Huancayo;César Vallejo;0;0;44%;56%;13;11;6;1;4;5;3;5;4;1;2;2;1;6;24;18;0;0;4;3;378;484;20;17;136;125;78;61
08.05.2021 18:00;Menendez A. (Per);Carlos Mannucci;Ayacucho;1;1;29%;71%;9;14;5;4;2;2;2;8;3;8;0;1;3;4;12;23;2;2;3;7;223;545;19;20;85;157;44;108
08.05.2021 15:30;Cartagena J. (Per);Cusco;Sporting Cristal;1;2;56%;44%;14;8;4;4;7;3;3;1;6;1;1;0;2;3;13;14;0;1;3;2;481;384;25;15;87;66;72;44
08.05.2021 13:15;Ortega K. (Per);Universitario;Cienciano;3;2;49%;51%;15;22;6;5;6;10;3;7;5;12;1;2;3;3;14;10;1;0;8;4;302;300;17;6;86;110;57;98
08.05.2021 11:00;Espinoza J. (Per);Melgar;Alianza Atl.;1;3;57%;43%;16;8;3;3;6;1;7;4;10;4;1;4;0;2;17;21;1;0;5;3;400;319;9;24;78;67;82;63
07.05.2021 15:30;Ordonez E. (Per);Alianza Lima;Binacional;2;0;70%;30%;15;4;5;2;7;2;3;0;4;2;3;1;2;3;11;20;0;0;1;3;512;228;14;12;148;102;84;53
07.05.2021 13:15;Barbagelatta G. (Per);UTC;San Martín;0;1;51%;49%;17;9;4;3;10;3;3;3;5;2;1;1;2;4;17;18;0;0;3;1;332;327;19;15;126;130;83;62
07.05.2021 11:00;Palomino M. (Per);AD Cantolao;Sport Boys;2;1;47%;53%;17;7;5;3;7;2;5;2;5;1;1;2;2;3;23;16;1;2;6;3;362;404;21;16;101;120;60;62
03.05.2021 18:00;Haro D. (Per);Cienciano;Carlos Mannucci;5;2;64%;36%;21;13;10;4;10;9;1;0;5;4;0;1;2;5;17;13;0;1;1;3;457;251;4;18;127;76;88;51
03.05.2021 15:30;Alarcon J. (Per);César Vallejo;Cusco;1;1;47%;53%;15;7;5;3;7;4;3;0;6;5;3;0;2;4;25;12;2;0;4;3;349;399;17;17;120;135;79;62
03.05.2021 11:00;Seminario L. (Per);Sport Huancayo;Alianza Huánuco;3;3;59%;41%;17;11;7;5;6;6;4;0;4;3;1;3;2;4;12;15;0;0;0;1;492;350;12;12;140;88;91;44
02.05.2021 15:30;Menendez A. (Per);Sporting Cristal;Alianza Lima;2;1;53%;47%;7;10;3;2;3;5;1;3;5;6;1;4;1;1;19;18;0;0;4;2;409;353;19;22;124;109;40;77
01.05.2021 15:30;Palomino M. (Per);Alianza Atl.;Universitario;1;2;39%;61%;10;9;5;4;2;4;3;1;3;4;0;0;2;4;23;16;0;0;4;2;323;491;14;16;95;125;65;66
01.05.2021 11:00;Mendoza J. (Per);Binacional;Melgar;1;1;37%;63%;12;13;2;6;8;4;2;3;4;11;0;2;5;1;17;9;0;0;2;3;255;423;14;8;95;128;44;93
30.04.2021 18:00;Legario F. (Per);Sport Boys;Dep. Municipal;3;1;33%;67%;7;14;3;5;3;6;1;3;1;7;1;1;4;0;22;16;0;0;4;4;226;443;20;10;90;132;38;94
30.04.2021 15:30;Quiroz J. (Per);San Martín;AD Cantolao;1;0;52%;48%;15;9;9;2;3;3;3;4;6;9;2;0;2;8;14;18;1;1;4;4;416;364;12;7;116;129;49;99
30.04.2021 11:00;Villegas H. (Per);UTC;Ayacucho;1;3;41%;59%;6;13;2;5;2;5;2;3;5;4;0;5;2;1;10;23;1;0;4;1;303;446;22;16;70;73;67;53
26.04.2021 15:30;Lopez P. (Per);Cusco;Sport Huancayo;0;1;72%;28%;19;6;5;4;7;2;7;0;5;2;1;1;3;5;23;15;0;2;4;6;583;233;12;19;152;87;96;40
26.04.2021 11:00;Garay Evia L. (Per);Carlos Mannucci;Alianza Atl.;1;3;65%;35%;17;16;7;10;5;3;5;3;5;0;0;3;7;6;16;14;0;0;2;3;507;276;16;11;146;109;107;50
25.04.2021 15:30;Espinoza M. (Per);Universitario;Sporting Cristal;0;1;57%;43%;16;10;3;5;10;3;3;2;6;4;1;2;4;3;13;24;0;0;5;6;423;333;9;16;101;95;79;55
24.04.2021 15:30;Perez R. B. (Per);Alianza Lima;César Vallejo;2;2;38%;62%;11;9;3;5;7;1;1;3;1;8;2;3;3;1;10;17;0;0;3;4;290;482;12;12;100;143;49;83
24.04.2021 13:15;Legario F. (Per);Melgar;San Martín;0;2;56%;44%;12;9;4;4;6;3;2;2;5;1;2;4;2;4;12;18;0;0;4;3;453;372;15;19;124;123;94;54
24.04.2021 11:00;Espinoza J. (Per);Alianza Huánuco;Sport Boys;1;0;42%;58%;8;17;3;7;5;6;0;4;1;6;1;1;7;2;19;17;1;1;4;6;307;410;17;17;96;118;42;90
23.04.2021 18:00;Quiroz J. (Per);Ayacucho;Cienciano;1;1;48%;52%;6;12;2;3;1;6;3;3;4;5;2;3;2;1;27;19;0;0;4;3;311;338;18;10;114;123;65;67
23.04.2021 15:30;Cartagena J. (Per);Dep. Municipal;Binacional;2;1;65%;35%;15;8;4;1;9;4;2;3;6;6;2;1;0;2;12;20;0;1;2;6;508;269;12;5;135;103;85;49
23.04.2021 13:15;Ciriaco L. (Per);AD Cantolao;UTC;0;1;60%;40%;9;11;2;2;4;5;3;4;10;4;4;2;1;2;18;21;0;0;4;4;336;227;15;18;108;85;74;62
15.04.2021 18:00;Villanueva A. (Per);UTC;Melgar;3;1;31%;69%;9;17;3;3;4;6;2;8;4;12;0;3;2;0;21;14;0;0;3;2;194;426;9;8;90;125;38;104
15.04.2021 15:30;Perez R. B. (Per);San Martín;Universitario;0;1;52%;48%;18;3;3;2;6;1;9;0;11;7;0;0;1;3;11;21;0;0;3;4;392;371;11;9;111;93;80;52
15.04.2021 11:00;Lopez P. (Per);Alianza Atl.;Ayacucho;0;1;43%;57%;19;16;5;5;9;4;5;7;5;6;0;0;4;5;18;18;0;1;3;5;301;397;6;11;103;109;61;73
14.04.2021 18:00;Cartagena J. (Per);César Vallejo;Carlos Mannucci;2;1;61%;39%;16;15;6;4;5;3;5;8;6;9;0;2;3;4;20;14;0;2;2;2;459;275;18;25;122;95;84;49
14.04.2021 15:30;Ordonez E. (Per);Sport Huancayo;Alianza Lima;0;0;55%;45%;17;10;4;0;7;5;6;5;5;5;3;1;0;4;13;22;0;0;3;3;401;326;10;17;128;119;78;68
14.04.2021 13:15;Espinoza J. (Per);AD Cantolao;Cienciano;0;2;45%;55%;12;12;3;5;6;3;3;4;7;9;2;3;3;3;15;15;0;0;2;7;347;424;13;17;88;103;60;71
13.04.2021 18:00;Haro D. (Per);Sporting Cristal;Dep. Municipal;3;1;69%;31%;21;4;6;2;9;1;6;1;11;2;0;3;1;3;13;13;0;1;1;4;474;214;18;20;117;75;86;44
13.04.2021 15:30;Ortega K. (Per);Binacional;Alianza Huánuco;2;1;48%;52%;6;4;2;3;4;1;-;-;6;3;1;2;2;1;19;16;0;1;3;4;-;-;-;-;116;110;70;58
13.04.2021 13:15;Menendez A. (Per);Cusco;Sport Boys;2;2;57%;43%;20;5;12;3;5;1;3;1;2;2;0;5;1;10;19;21;0;0;5;4;441;336;10;11;111;94;63;38
12.04.2021 15:30;Perez B. (Per);Melgar;Ayacucho;0;0;58%;42%;11;9;1;4;5;4;5;1;9;1;2;3;4;1;13;17;0;0;2;4;433;313;12;15;102;90;88;57
07.04.2021 15:30;Palomino M. (Per);Ayacucho;San Martín;2;2;58%;42%;16;12;4;2;10;8;2;2;5;7;1;2;0;2;16;12;0;0;3;0;374;274;25;14;91;95;63;69
06.04.2021 15:30;Alarcon J. (Per);Alianza Lima;Dep. Municipal;1;0;49%;51%;8;8;3;3;2;3;3;2;4;2;0;1;3;2;10;14;1;0;4;3;354;361;16;8;101;89;66;45
31.03.2021 15:30;Mendoza J. (Per);Ayacucho;Sport Huancayo;3;0;36%;64%;12;13;4;2;5;8;3;3;3;5;3;3;2;1;20;15;0;0;3;1;298;495;19;14;89;126;45;84
30.03.2021 15:30;Castaneda R. (Per);Alianza Lima;Cusco;2;2;59%;41%;9;14;3;3;3;5;3;6;4;4;2;0;1;1;18;8;0;0;2;0;504;338;11;10;58;60;36;27
29.03.2021 18:00;Palomino M. (Per);Dep. Municipal;César Vallejo;0;4;36%;64%;7;16;1;8;4;5;2;3;3;5;1;0;4;1;20;14;0;0;2;1;284;506;34;14;87;137;34;72
29.03.2021 15:30;Carrillo V. (Per);Alianza Huánuco;Sporting Cristal;0;3;38%;62%;12;22;3;8;6;8;3;6;5;10;1;2;5;3;13;26;0;0;2;3;296;480;15;15;89;103;55;87
29.03.2021 13:15;Espinoza M. (Per);Sport Boys;Binacional;3;2;46%;54%;12;24;6;8;5;11;1;5;3;8;1;1;6;3;16;17;0;0;4;5;387;431;19;22;103;121;35;72
27.03.2021 18:00;Seminario L. (Per);Carlos Mannucci;San Martín;2;0;56%;44%;19;10;6;2;9;5;4;3;5;5;3;1;2;4;13;17;0;1;5;5;395;319;8;6;117;92;70;46
27.03.2021 13:15;Villegas H. (Per);Melgar;AD Cantolao;3;0;50%;50%;7;8;5;3;2;4;0;1;2;8;8;0;3;2;15;14;0;0;1;3;424;421;16;8;101;105;48;56
27.03.2021 11:00;Haro D. (Per);Cienciano;Alianza Atl.;1;0;54%;46%;17;12;5;1;7;8;5;3;11;3;3;2;1;4;7;20;1;1;3;7;340;313;11;13;111;82;83;52
22.03.2021 15:30;Mendoza J. (Per);UTC;Carlos Mannucci;2;2;48%;52%;11;11;4;5;4;2;3;4;4;6;3;0;3;2;19;20;1;0;4;6;337;357;10;13;74;77;63;67
22.03.2021 13:15;Ortega K. (Per);César Vallejo;Alianza Huánuco;0;1;62%;38%;21;1;10;1;11;0;-;-;17;2;-;-;0;10;-;-;0;0;2;4;-;-;-;-;144;65;112;15
22.03.2021 11:00;Legario F. (Per);Sport Huancayo;Binacional;3;0;54%;46%;10;10;5;2;3;5;2;3;3;4;1;4;2;2;12;23;0;0;0;2;478;406;14;14;107;99;56;55
20.03.2021 15:30;Garay Evia L. (Per);Cusco;Cienciano;2;2;45%;55%;16;20;6;6;7;8;3;6;6;8;1;5;4;4;14;16;1;0;3;5;298;368;14;18;91;83;68;82
20.03.2021 13:15;Castaneda R. (Per);San Martín;Alianza Atl.;2;1;60%;40%;6;16;2;4;2;9;2;3;1;8;1;0;3;0;15;12;0;0;3;1;529;346;12;14;75;78;40;94
19.03.2021 18:00;Haro D. (Per);Sporting Cristal;Sport Boys;1;0;60%;40%;9;14;4;3;4;5;1;6;2;5;0;4;3;3;25;18;0;0;5;4;479;315;20;22;113;98;72;62
19.03.2021 15:00;Palomino M. (Per);AD Cantolao;Universitario;3;1;34%;66%;7;11;5;4;2;6;0;1;7;9;2;5;3;2;29;9;1;0;7;1;234;453;12;9;81;107;43;84
15.03.2021 15:30;Perez R. B. (Per);Alianza Huánuco;Cusco;1;0;57%;43%;13;9;5;2;5;4;3;3;6;5;5;1;2;4;16;11;0;1;2;2;427;332;13;13;79;75;69;73
15.03.2021 11:00;Cartagena J. (Per);Alianza Atl.;Carlos Stein;0;0;53%;47%;6;14;0;5;6;9;0;0;4;6;0;5;5;0;17;19;1;0;1;3;-;-;-;-;110;114;52;75
13.03.2021 18:00;Ordonez E. (Per);Sport Boys;César Vallejo;2;3;51%;49%;18;12;8;5;7;4;3;3;4;1;4;2;2;6;21;24;0;0;2;3;394;381;22;16;106;84;72;47
13.03.2021 15:30;Ortega K. (Per);Universitario;Melgar;1;1;52%;48%;7;18;3;6;3;7;1;5;4;8;0;1;5;2;18;28;0;0;3;5;378;340;14;15;108;98;57;69
13.03.2021 11:00;Menendez A. (Per);Carlos Mannucci;AD Cantolao;2;0;50%;50%;11;9;5;2;4;4;2;3;5;6;10;3;2;3;13;16;0;0;2;3;356;346;19;15;81;92;63;57
12.03.2021 18:00;Alarcon J. (Per);Binacional;Sporting Cristal;0;4;34%;66%;11;19;4;6;4;8;3;5;2;5;2;1;2;4;16;12;1;0;2;1;304;569;7;20;50;91;39;65
12.03.2021 15:30;Espinoza M. (Per);Cienciano;UTC;1;0;45%;55%;10;10;2;2;7;5;1;3;6;9;1;4;2;1;15;10;0;0;3;3;360;421;18;24;126;137;69;101
12.03.2021 13:15;Haro D. (Per);Dep. Municipal;Sport Huancayo;0;1;41%;59%;12;15;4;5;4;7;4;3;5;3;2;0;4;4;15;12;0;0;1;2;329;470;15;17;111;137;51;69
